{"cameraMode":{"drawMode":0,"name":"Shaded","section":"Shading Mode"},"sceneLighting":false,"audioPlay":false,"sceneViewState":{"showFog":true,"showMaterialUpdate":false,"showSkybox":true,"showFlares":true,"showImageEffects":true,"showParticleSystems":true},"in2DMode":false,"pivot":{"x":0.9127144813537598,"y":0.03464305400848389,"z":1.1615289449691773},"rotation":{"x":0.06626047939062119,"y":0.7044180631637573,"z":-0.06633678823709488,"w":0.7035701274871826},"size":3.1893489360809328,"orthographic":false}