{"cameraMode":{"drawMode":0,"name":"Shaded","section":"Shading Mode"},"sceneLighting":false,"audioPlay":false,"sceneViewState":{"showFog":true,"showMaterialUpdate":false,"showSkybox":true,"showFlares":true,"showImageEffects":true,"showParticleSystems":true},"in2DMode":false,"pivot":{"x":-0.2940685451030731,"y":0.1451362669467926,"z":-0.13786952197551728},"rotation":{"x":0.2226036936044693,"y":-0.6207578778266907,"z":0.18998631834983827,"w":0.7273427844047546},"size":1.8242759704589844,"orthographic":false}