{"cameraMode":{"drawMode":0,"name":"Shaded","section":"Shading Mode"},"sceneLighting":false,"audioPlay":false,"sceneViewState":{"showFog":true,"showMaterialUpdate":false,"showSkybox":true,"showFlares":true,"showImageEffects":true,"showParticleSystems":true},"in2DMode":false,"pivot":{"x":1.5000019073486329,"y":0.75,"z":-1.9993066787719727},"rotation":{"x":0.6985743641853333,"y":9.977038644137793e-7,"z":6.567723289663263e-7,"w":0.7155449986457825},"size":15.410568237304688,"orthographic":false}