{"cameraMode":{"drawMode":0,"name":"Shaded","section":"Shading Mode"},"sceneLighting":false,"audioPlay":false,"sceneViewState":{"showFog":true,"showMaterialUpdate":false,"showSkybox":true,"showFlares":true,"showImageEffects":true,"showParticleSystems":true},"in2DMode":false,"pivot":{"x":-0.0493011474609375,"y":1.49609375,"z":-0.13908076286315919},"rotation":{"x":0.43734240531921389,"y":-0.5594362020492554,"z":0.4561070501804352,"w":0.536419153213501},"size":4.707700252532959,"orthographic":true}