{"cameraMode":{"drawMode":0,"name":"Shaded","section":"Shading Mode"},"sceneLighting":false,"audioPlay":false,"sceneViewState":{"showFog":true,"showMaterialUpdate":false,"showSkybox":true,"showFlares":true,"showImageEffects":true,"showParticleSystems":true},"in2DMode":false,"pivot":{"x":0.0000015497207641601563,"y":0.75,"z":0.0000021457672119140627},"rotation":{"x":0.4391465485095978,"y":-0.5341042876243591,"z":0.3828307092189789,"w":0.6126595735549927},"size":14.217802047729493,"orthographic":false}