{"cameraMode":{"drawMode":0,"name":"Shaded","section":"Shading Mode"},"sceneLighting":false,"audioPlay":false,"sceneViewState":{"showFog":true,"showMaterialUpdate":false,"showSkybox":true,"showFlares":true,"showImageEffects":true,"showParticleSystems":true},"in2DMode":false,"pivot":{"x":-0.24789540469646455,"y":-0.8188667297363281,"z":0.7885854244232178},"rotation":{"x":0.4996759593486786,"y":0.5002776980400086,"z":-0.504801869392395,"w":0.4952007532119751},"size":6.762566566467285,"orthographic":false}