{"cameraMode":{"drawMode":0,"name":"Shaded","section":"Shading Mode"},"sceneLighting":false,"audioPlay":false,"sceneViewState":{"showFog":true,"showMaterialUpdate":false,"showSkybox":true,"showFlares":true,"showImageEffects":true,"showParticleSystems":true},"in2DMode":false,"pivot":{"x":-0.0018173456192016602,"y":0.47320258617401125,"z":-0.012666746973991394},"rotation":{"x":-0.045420363545417789,"y":-0.36917373538017275,"z":0.018061447888612748,"w":-0.9280804991722107},"size":2.4731762409210207,"orthographic":true}