{"cameraMode":{"drawMode":0,"name":"Shaded","section":"Shading Mode"},"sceneLighting":false,"audioPlay":false,"sceneViewState":{"showFog":true,"showMaterialUpdate":false,"showSkybox":true,"showFlares":true,"showImageEffects":true,"showParticleSystems":true},"in2DMode":false,"pivot":{"x":-0.5002799034118652,"y":0.75,"z":-0.000278472900390625},"rotation":{"x":0.2757898271083832,"y":0.6689867973327637,"z":-0.2958674430847168,"w":0.623598039150238},"size":6.531453609466553,"orthographic":true}