{"cameraMode":{"drawMode":0,"name":"Shaded","section":"Shading Mode"},"sceneLighting":false,"audioPlay":false,"sceneViewState":{"showFog":true,"showMaterialUpdate":false,"showSkybox":true,"showFlares":true,"showImageEffects":true,"showParticleSystems":true},"in2DMode":false,"pivot":{"x":0.025000005960464479,"y":0.75,"z":0.025000005960464479},"rotation":{"x":0.07957755774259567,"y":-0.8642143607139587,"z":0.1447015255689621,"w":0.4752647578716278},"size":3.3226101398468019,"orthographic":true}