{"cameraMode":{"drawMode":0,"name":"Shaded","section":"Shading Mode"},"sceneLighting":false,"audioPlay":false,"sceneViewState":{"showFog":true,"showMaterialUpdate":false,"showSkybox":true,"showFlares":true,"showImageEffects":true,"showParticleSystems":true},"in2DMode":false,"pivot":{"x":0.8053174018859863,"y":2.876953125,"z":-1.55657958984375},"rotation":{"x":-0.0040368447080254559,"y":0.7398021817207336,"z":-0.6727983951568604,"w":-0.004438846837729216},"size":6.973247051239014,"orthographic":true}