{"cameraMode":{"drawMode":0,"name":"Shaded","section":"Shading Mode"},"sceneLighting":false,"audioPlay":false,"sceneViewState":{"showFog":true,"showMaterialUpdate":false,"showSkybox":true,"showFlares":true,"showImageEffects":true,"showParticleSystems":true},"in2DMode":false,"pivot":{"x":1.616943359375,"y":0.3772355318069458,"z":0.22012007236480714},"rotation":{"x":-0.009339827112853527,"y":0.9651187658309937,"z":-0.2593277394771576,"w":-0.03475929796695709},"size":1.0131287574768067,"orthographic":true}