{"cameraMode":{"drawMode":0,"name":"Shaded","section":"Shading Mode"},"sceneLighting":false,"audioPlay":false,"sceneViewState":{"showFog":true,"showMaterialUpdate":false,"showSkybox":true,"showFlares":true,"showImageEffects":true,"showParticleSystems":true},"in2DMode":false,"pivot":{"x":0.9438577890396118,"y":-2.1484384536743166,"z":2.168907642364502},"rotation":{"x":-0.0118994927033782,"y":0.6926595568656921,"z":-0.7210856080055237,"w":-0.011429239064455033},"size":5.426117897033691,"orthographic":true}